status,gl_date,gl_chq,gl_vendor,gl_amount,gl_account,bk_id,bk_date,bk_debit,bk_desc,bk_chq,date_diff_days,amt_diff
MATCHED,2012-01-03,dd,Erles Auto Repair,308.70,1000 CIBC Bank 1615,99420,2012-01-03,308.70,ERLES AUTO REPAIR,,0,0.00
MATCHED,2012-01-04,dd,Erles Auto Repair,553.89,1000 CIBC Bank 1615,101822,2012-01-04,553.89,ERLES AUTO REPAIR,,0,0.00
MATCHED,2012-01-06,dd,Erles Auto Repair,905.08,1000 CIBC Bank 1615,101837,2012-01-06,905.08,ERLES AUTO REPAIR,,0,0.00
MATCHED,2012-01-20,dd,Rogers,891.72,1000 CIBC Bank 1615,101879,2012-01-20,891.72,ROGERS,,0,0.00
MATCHED,2012-01-31,dd,Erles Auto Repair,1443.24,1000 CIBC Bank 1615,101902,2012-01-31,1443.24,ERLES AUTO REPAIR,,0,0.00
MATCHED,2012-01-31,dd,Full Spectrum,1170.75,1000 CIBC Bank 1615,81491,2012-01-31,1170.75,Full Spectrum,,0,0.00
MATCHED,2012-02-02,209,106.7 The Drive,550.00,1000 CIBC Bank 1615,81527,2012-02-08,550.00,CHQ 209 106.7 THE DRIVE,209,6,0.00
MATCHED,2012-02-13,dd,Telus Communications,2083.34,1000 CIBC Bank 1615,81552,2012-02-13,2083.34,TELUS,,0,0.00
MATCHED,2012-02-22,dd,Parr's Automotive,500.00,1000 CIBC Bank 1615,81578,2012-02-20,500.00,CASH WITHDRAWAL,,2,0.00
MATCHED,2012-03-06,dd,Telus Communications,2142.59,1000 CIBC Bank 1615,81676,2012-03-06,2142.59,TELUS,,0,0.00
MATCHED,2012-03-07,dd,Parr's Automotive,200.00,1000 CIBC Bank 1615,81679,2012-03-07,200.00,PARRS AUTOMOTIVE,,0,0.00
MATCHED,2012-03-14,215,Welcome Wagon,150.00,1000 CIBC Bank 1615,81728,2012-03-19,150.00,CHQ 215 WELCOME WAGON,215,5,0.00
MATCHED,2012-03-15,dd,Vibe Car Auto,262.50,1000 CIBC Bank 1615,81714,2012-03-14,262.50,VIBE CAR AUDIO,,1,0.00
NO_DATE_OR_AMOUNT,2012-04-03,,Sully Chapman Beattie,0.00,1000 CIBC Bank 1615,,,,,,,
MATCHED,2012-04-10,dd,Telus Communications,2945.15,1000 CIBC Bank 1615,102064,2012-04-10,2945.15,TELUS,,0,0.00
NO_DATE_OR_AMOUNT,2012-04-11,,106.7 The Drive,0.00,1000 CIBC Bank 1615,,,,,,,
NO_DATE_OR_AMOUNT,2012-04-12,,Fibrenew,0.00,1000 CIBC Bank 1615,,,,,,,
NO_DATE_OR_AMOUNT,2012-04-26,,106.7 The Drive,0.00,1000 CIBC Bank 1615,,,,,,,
MATCHED,2012-05-14,dd,Carriage Auto Upholstery,181.00,1000 CIBC Bank 1615,81976,2012-05-14,181.00,CARRIAGE AUTO,,0,0.00
NO_MATCH,2012-05-23,262,CFIB,460.00,1000 CIBC Bank 1615,,,,,,,
MATCHED,2012-06-06,dd,Choice Auto Electric Ltd.,475.03,1000 CIBC Bank 1615,82060,2012-06-06,475.03,CHOICE AUTO ELECTRIC,,0,0.00
MATCHED,2012-06-11,274,Fibrenew,1050.00,1000 CIBC Bank 1615,82095,2012-06-13,1050.00,CHQ 274 FIBRENEW,274,2,0.00
MATCHED,2012-06-11,dd,Telus Communications,2992.47,1000 CIBC Bank 1615,82085,2012-06-11,2992.47,TELUS,,0,0.00
MATCHED,2012-06-26,dd,Telus Communications,1525.42,1000 CIBC Bank 1615,82148,2012-06-26,1525.42,BUCK OR TWO,,0,0.00
MATCHED,2012-06-26,dd,Telus Communications,446.18,1000 CIBC Bank 1615,102206,2012-06-26,446.18,TELUS,,0,0.00
MATCHED,2012-07-05,276,Fibrenew,1050.00,1000 CIBC Bank 1615,82188,2012-07-10,1050.00,CHQ 276 FIBRENEW,276,5,0.00
MATCHED,2012-07-10,dd,Erles Auto Repair,1024.28,1000 CIBC Bank 1615,99922,2012-07-10,1024.28,ERLES AUTO REPAIR,,0,0.00
MATCHED,2012-08-10,278,Parr's Automotive,300.00,1000 CIBC Bank 1615,82240,2012-08-10,300.00,CHQ 278 PARRS AUTOMOTIVE,278,0,0.00
MATCHED,2012-11-01,dd,Erles Auto Repair,119.07,1000 CIBC Bank 1615,102335,2012-11-01,119.07,ERLES AUTO REPAIR,,0,0.00
MATCHED,2012-11-06,dd,Erles Auto Repair,210.00,1000 CIBC Bank 1615,100044,2012-11-06,210.00,ERLES AUTO REPAIR,,0,0.00
NO_MATCH,2012-12-19,dd,Parr's Automotive,512.27,1000 CIBC Bank 1615,,,,,,,
MATCHED,2012-12-19,dd,Choice Auto Electric Ltd.,101.09,1000 CIBC Bank 1615,82432,2012-12-19,101.09,CHOICE AUTO ELECTRIC,,0,0.00
NO_MATCH,2012-12-19,dd,Parr's Automotive,487.73,1000 CIBC Bank 1615,,,,,,,
MATCHED,2012-12-20,dd,Choice Auto Electric Ltd.,258.38,1000 CIBC Bank 1615,82435,2012-12-20,258.38,CHOICE AUTO ELECTRIC,,0,0.00
NO_MATCH,2012-04-17,20,Niteline Limousine Service Ltd.,259.09,1010 Scotia Bank Main,,,,,,,
MATCHED,2012-07-09,dd,Centratech Technical,79.39,1010 Scotia Bank Main,69076,2012-07-09,79.39,CENTRATECH TECH SVCS,,0,0.00
MATCHED,2012-07-10,3,Parr's Automotive,2000.00,1010 Scotia Bank Main,69093,2012-07-13,2000.00,CHQ 3 PARRS AUTOMOTIVE,3,3,0.00
MATCHED,2012-07-11,dd,Erles Auto Repair,581.49,1010 Scotia Bank Main,69084,2012-07-11,581.49,LIQUOR DEPOT,,0,0.00
MATCHED,2012-07-13,4,Erles Auto Repair,840.95,1010 Scotia Bank Main,69092,2012-07-13,840.95,CHQ 4 EARLS AUTO,4,0,0.00
MATCHED,2012-07-23,11,Kirk's Tire (Red Deer) Ltd.,3000.00,1010 Scotia Bank Main,69142,2012-07-23,3000.00,CHQ 11 KIRKS TIRE,11,0,0.00
MATCHED,2012-08-04,18,Fibrenew,1207.50,1010 Scotia Bank Main,69203,2012-08-09,1207.50,CHQ 18 FIBRENEW,18,5,0.00
MATCHED,2012-08-10,21,Parr's Automotive,1000.00,1010 Scotia Bank Main,69205,2012-08-10,1000.00,CHQ 21 PARRS AUTOMOTIVE,21,0,0.00
NO_MATCH,2012-08-13,22,With This Ring Bridal Gala,682.50,1010 Scotia Bank Main,,,,,,,
MATCHED,2012-08-28,dd,WCB,3446.02,1010 Scotia Bank Main,69282,2012-08-28,3446.02,WCB payment,,0,0.00
NO_MATCH,2012-09-10,50,Fibrenew,1163.75,1010 Scotia Bank Main,,,,,,,
NO_MATCH,2012-09-10,51,Fibrenew,170.43,1010 Scotia Bank Main,,,,,,,
MATCHED,2012-09-17,54,Telus Communications,3007.97,1010 Scotia Bank Main,69340,2012-09-17,3007.97,CHQ 54 TELUS,54,0,0.00
MATCHED,2012-09-18,55,Telus Communications,166.19,1010 Scotia Bank Main,69347,2012-09-18,166.19,CHQ 55 TELUS,55,0,0.00
MATCHED,2012-09-26,59,AGLC,200.00,1010 Scotia Bank Main,69397,2012-10-01,200.00,CHQ 59 AGLC (LICENSE RENEWAL),59,5,0.00
MATCHED,2012-09-26,dd,Erles Auto Repair,330.75,1010 Scotia Bank Main,94802,2012-09-26,330.75,ERLES AUTO REPAIR,,0,0.00
MATCHED,2012-10-09,75,Parr's Automotive,2000.00,1010 Scotia Bank Main,69442,2012-10-12,2000.00,CHQ 75 PARRS AUTO,75,3,0.00
MATCHED,2012-10-12,76,Parr's Automotive,1500.00,1010 Scotia Bank Main,69457,2012-10-16,1500.00,CHQ 76 PARRS AUTO,76,4,0.00
MATCHED,2012-10-20,78,Fibrenew,1445.62,1010 Scotia Bank Main,69487,2012-10-24,1445.62,CHQ 78 FIBRENEW,78,4,0.00
MATCHED,2012-11-23,dd,Parr's Automotive,1000.00,1010 Scotia Bank Main,69579,2012-11-23,1000.00,PARRS AUTOMOTIVE,,0,0.00
MATCHED,2012-11-23,dd,Telus Communications,3079.80,1010 Scotia Bank Main,69577,2012-11-23,3079.80,TELUS,,0,0.00
MATCHED,2012-11-26,dd,WCB,553.17,1010 Scotia Bank Main,69587,2012-11-26,553.17,wcb payment,,0,0.00
MATCHED,2012-12-03,101,Parr's Automotive,2000.00,1010 Scotia Bank Main,69618,2012-12-03,2000.00,CHQ 101 PARRS AUTOMOTIVE,101,0,0.00
MATCHED,2012-12-06,97,Welcome Wagon,100.00,1010 Scotia Bank Main,69646,2012-12-06,100.00,CHQ 97 WELCOME WAGON,97,0,0.00
MATCHED,2012-12-10,dd,Choice Auto Electric Ltd.,205.85,1010 Scotia Bank Main,69800,2012-12-10,205.85,CHOICE AUTO ELECTRIC,,0,0.00
MATCHED,2012-12-12,dd,Choice Auto Electric Ltd.,315.53,1010 Scotia Bank Main,69683,2012-12-12,315.53,CHOICE AUTO ELECTRIC,,0,0.00
MATCHED,2012-12-19,dd,Choice Auto Electric Ltd.,800.00,1010 Scotia Bank Main,69723,2012-12-19,800.00,CHOICE AUTO ELECTRIC,,0,0.00
MATCHED,2013-01-22,dd,Erles Auto Repair,330.75,1010 Scotia Bank Main,77774,2013-01-22,330.75,ERLES AUTO REPAIR,,0,0.00
MATCHED,2013-01-23,dd,Erles Auto Repair,918.02,1010 Scotia Bank Main,77783,2013-01-23,918.02,ERLES AUTO REPAIR,,0,0.00
MATCHED,2013-01-25,dd,Erles Auto Repair,355.43,1010 Scotia Bank Main,77792,2013-01-25,355.43,ERLES AUTO REPAIR,,0,0.00
MATCHED,2013-01-26,dd,Rogers,1050.36,1010 Scotia Bank Main,77805,2013-01-28,1050.36,ROGERS,,2,0.00
MATCHED,2013-01-28,129,Fibrenew,1268.48,1010 Scotia Bank Main,77808,2013-01-30,1268.48,chq 129,129,2,0.00
MATCHED,2013-01-29,dd,Erles Auto Repair,1174.53,1010 Scotia Bank Main,77806,2013-01-29,1174.53,ERLES AUTO REPAIR,,0,0.00
MATCHED,2013-01-30,dd,Erles Auto Repair,1308.72,1010 Scotia Bank Main,77809,2013-01-30,1308.72,ERLES AUTO REPAIR,,0,0.00
MATCHED,2013-01-30,dd,Erles Auto Repair,344.93,1010 Scotia Bank Main,77810,2013-01-30,344.93,ERLES AUTO REPAIR,,0,0.00
MATCHED,2013-02-03,133,With This Ring Bridal Gala,1050.00,1010 Scotia Bank Main,77839,2013-02-05,1050.00,chq 133,133,2,0.00
MATCHED,2013-02-08,146,Cal Red Consulting Ltd.,1865.36,1010 Scotia Bank Main,77856,2013-02-11,1865.36,chq 146,146,3,0.00
MATCHED,2013-02-08,147,Cal Red Consulting Ltd.,273.00,1010 Scotia Bank Main,77857,2013-02-11,273.00,chq 147,147,3,0.00
NO_DATE_OR_AMOUNT,2013-02-22,148,Erles Auto Repair,0.00,1010 Scotia Bank Main,,,,,,,
MATCHED,2013-03-26,156,Fibrenew,2000.00,1010 Scotia Bank Main,78067,2013-03-27,2000.00,CHQ 156,156,1,0.00
MATCHED,2013-04-02,160,Fibrenew,1000.00,1010 Scotia Bank Main,78109,2013-04-02,1000.00,CHQ 16,16,0,0.00
MATCHED,2013-04-09,dd,Automotive Universe,50.00,1010 Scotia Bank Main,78140,2013-04-09,50.00,AUTOMOTIVE UNIVERSE,,0,0.00
MATCHED,2013-04-09,dd,Automotive Universe,136.50,1010 Scotia Bank Main,78141,2013-04-09,136.50,AUTOMOTIVE UNIVERSE,,0,0.00
MATCHED,2013-04-10,dd,Erles Auto Repair,1188.45,1010 Scotia Bank Main,78148,2013-04-10,1188.45,ERLES AUTO REPAIR,,0,0.00
NO_DATE_OR_AMOUNT,2013-05-03,,Cal Red Consulting Ltd.,0.00,1010 Scotia Bank Main,,,,,,,
MATCHED,2013-05-03,dd,Erles Auto Repair,528.15,1010 Scotia Bank Main,78284,2013-05-03,528.15,ERLES AUTO REPAIR,,0,0.00
NO_DATE_OR_AMOUNT,2013-05-07,,Fibrenew,0.00,1010 Scotia Bank Main,,,,,,,
MATCHED,2013-05-08,dd,Rogers,1084.81,1010 Scotia Bank Main,78308,2013-05-08,1084.81,ROGERS,,0,0.00
MATCHED,2013-05-13,dd,Telus Communications,3000.00,1010 Scotia Bank Main,78325,2013-05-13,3000.00,TELUS,,0,0.00
MATCHED,2013-05-29,dd,Erles Auto Repair,168.42,1010 Scotia Bank Main,78391,2013-05-29,168.42,ERLES AUTO REPAIR,,0,0.00
MATCHED,2013-06-08,dd,Telus Communications,2932.18,1010 Scotia Bank Main,78452,2013-06-10,2932.18,TELUS,,2,0.00
MATCHED,2013-06-11,195,Fibrenew,1575.00,1010 Scotia Bank Main,78456,2013-06-11,1575.00,CHQ 195,195,0,0.00
NO_DATE_OR_AMOUNT,2013-06-12,,Sully Chapman Beattie,0.00,1010 Scotia Bank Main,,,,,,,
MATCHED,2013-06-14,dd,Choice Auto Electric Ltd.,361.62,1010 Scotia Bank Main,78467,2013-06-14,361.62,CHOICE AUTO ELECTRIC,,0,0.00
MATCHED,2013-07-02,206,Kirk's Tire (Red Deer) Ltd.,1000.00,1010 Scotia Bank Main,78563,2013-07-02,1000.00,email money transfer,,0,0.00
MATCHED,2013-07-04,dd,Telus Communications,2461.99,1010 Scotia Bank Main,78591,2013-07-05,2461.99,TELUS,,1,0.00
MATCHED,2013-07-04,dd,Rogers,650.28,1010 Scotia Bank Main,78590,2013-07-05,650.28,ROGERS,,1,0.00
MATCHED,2013-07-05,dd,Erles Auto Repair,119.70,1010 Scotia Bank Main,78588,2013-07-05,119.70,ERLES AUTO REPAIR,,0,0.00
NO_DATE_OR_AMOUNT,2013-07-08,,Fibrenew,0.00,1010 Scotia Bank Main,,,,,,,
MATCHED,2013-07-08,217,Fibrenew,2427.74,1010 Scotia Bank Main,78613,2013-07-09,2427.74,CHQ 217,217,1,0.00
MATCHED,2013-07-08,dd,Erles Auto Repair,628.85,1010 Scotia Bank Main,78610,2013-07-08,628.85,ERLES AUTO REPAIR,,0,0.00
MATCHED,2013-07-09,dd,Erles Auto Repair,741.51,1010 Scotia Bank Main,78615,2013-07-09,741.51,ERLES AUTO REPAIR,,0,0.00
MATCHED,2013-07-15,dd,Erles Auto Repair,600.00,1010 Scotia Bank Main,78646,2013-07-15,600.00,ERLES AUTO REPAIR,,0,0.00
NO_DATE_OR_AMOUNT,2013-07-18,,106.7 The Drive,0.00,1010 Scotia Bank Main,,,,,,,
MATCHED,2013-07-19,dd,Erles Auto Repair,917.34,1010 Scotia Bank Main,78664,2013-07-19,917.34,ERLES AUTO REPAIR,,0,0.00
MATCHED,2013-07-23,dd,Erles Auto Repair,997.35,1010 Scotia Bank Main,78679,2013-07-23,997.35,ERLES AUTO REPAIR,,0,0.00
MATCHED,2013-07-29,dd,Telus Communications,1000.00,1010 Scotia Bank Main,78709,2013-07-29,1000.00,TELUS,,0,0.00
MATCHED,2013-08-07,dd,Erles Auto Repair,1000.00,1010 Scotia Bank Main,78740,2013-08-07,1000.00,ERLES AUTO REPAIR,,0,0.00
MATCHED,2013-08-16,224,Fibrenew,1575.00,1010 Scotia Bank Main,78800,2013-08-20,1575.00,CHQ 224,224,4,0.00
MATCHED,2013-09-03,228,Fibrenew,1575.00,1010 Scotia Bank Main,78842,2013-09-03,1575.00,CHQ 228,228,0,0.00
MATCHED,2013-09-10,232,Erles Auto Repair,782.99,1010 Scotia Bank Main,78884,2013-09-11,782.99,CHQ 232,232,1,0.00
MATCHED,2013-09-10,dd,Erles Auto Repair,111.83,1010 Scotia Bank Main,78878,2013-09-10,111.83,ERLES AUTO REPAIR,,0,0.00
MATCHED,2013-09-10,dd,Erles Auto Repair,219.84,1010 Scotia Bank Main,78879,2013-09-10,219.84,ERLES AUTO REPAIR,,0,0.00
MATCHED,2013-09-11,dd,Erles Auto Repair,110.78,1010 Scotia Bank Main,78887,2013-09-11,110.78,ERLES AUTO REPAIR,,0,0.00
MATCHED,2013-09-13,dd,Telus Communications,3319.08,1010 Scotia Bank Main,78898,2013-09-13,3319.08,TELUS,,0,0.00
MATCHED,2013-09-20,dd,Choice Auto Electric Ltd.,376.53,1010 Scotia Bank Main,78933,2013-09-20,376.53,CHOICE AUTO ELECTRIC REPARED D,,0,0.00
MATCHED,2013-09-25,239,AGLC,200.00,1010 Scotia Bank Main,78975,2013-09-27,200.00,CHQ 239,239,2,0.00
MATCHED,2013-09-25,dd,Erles Auto Repair,105.00,1010 Scotia Bank Main,78955,2013-09-25,105.00,ERLES AUTO REPAIR,,0,0.00
MATCHED,2013-09-26,243,With This Ring Bridal Gala,1050.00,1010 Scotia Bank Main,78974,2013-09-27,1050.00,CHQ 243,243,1,0.00
NO_MATCH,2013-10-07,252,Royal Refrigeration Ltd,1109.26,1010 Scotia Bank Main,,,,,,,
MATCHED,2013-10-07,245,Fibrenew,1575.00,1010 Scotia Bank Main,79006,2013-10-07,1575.00,CHQ 245,245,0,0.00
MATCHED,2013-10-07,246,Fibrenew,232.90,1010 Scotia Bank Main,79005,2013-10-07,232.90,CHQ 246,246,0,0.00
MATCHED,2013-10-09,dd,Telus Communications,1691.30,1010 Scotia Bank Main,79021,2013-10-09,1691.30,TELUS,,0,0.00
NO_MATCH,2013-10-17,255,Action Pages Canada,857.50,1010 Scotia Bank Main,,,,,,,
MATCHED,2013-10-22,dd,Rogers,1000.00,1010 Scotia Bank Main,79085,2013-10-23,1000.00,CHQ 253,253,1,0.00
MATCHED,2013-10-25,dd,Choice Auto Electric Ltd.,958.90,1010 Scotia Bank Main,79099,2013-10-25,958.90,CHOICE AUTO ELECTRIC,,0,0.00
MATCHED,2013-10-29,dd,WCB,780.00,1010 Scotia Bank Main,79120,2013-10-29,780.00,WCB,,0,0.00
MATCHED,2013-10-30,dd,Carriage Auto Upholstery,189.00,1010 Scotia Bank Main,79123,2013-10-30,189.00,CARRIAGE AUTO UPHOLSTERY,,0,0.00
NO_MATCH,2013-11-01,270,Fibrenew,451.77,1010 Scotia Bank Main,,,,,,,
MATCHED,2013-11-12,dd,Telus Communications,1767.13,1010 Scotia Bank Main,79178,2013-11-12,1767.13,TELUS,,0,0.00
MATCHED,2013-11-19,269,Fibrenew,1706.25,1010 Scotia Bank Main,79209,2013-11-19,1706.25,CHQ 269,269,0,0.00
NO_MATCH,2013-11-21,271,Full Spectrum,646.96,1010 Scotia Bank Main,,,,,,,
MATCHED,2013-11-26,dd,Telus Communications,556.68,1010 Scotia Bank Main,79241,2013-11-26,556.68,TELUS,,0,0.00
MATCHED,2013-11-26,dd,Telus Communications,701.41,1010 Scotia Bank Main,79240,2013-11-26,701.41,TELUS,,0,0.00
MATCHED,2013-11-27,dd,Choice Auto Electric Ltd.,562.57,1010 Scotia Bank Main,79248,2013-11-27,562.57,CHOICE AUTO ELECTRIC,,0,0.00
MATCHED,2013-11-27,dd,Telus Mobility,231.34,1010 Scotia Bank Main,79249,2013-11-27,231.34,TELUS,,0,0.00
MATCHED,2013-11-29,272,Full Spectrum,3805.23,1010 Scotia Bank Main,79254,2013-11-29,3805.23,CHQ 272,272,0,0.00
MATCHED,2013-11-29,273,Community Networking Solutions,1359.75,1010 Scotia Bank Main,79278,2013-12-03,1359.75,CHQ 273,273,4,0.00
MATCHED,2013-12-10,dd,Automotive Universe,1043.11,1010 Scotia Bank Main,79315,2013-12-10,1043.11,Automotive Universe,,0,0.00
MATCHED,2013-12-12,dd,Tire Garage,673.05,1010 Scotia Bank Main,79323,2013-12-12,673.05,Tire Garage,,0,0.00
MATCHED,2013-12-18,283,Big 105,1260.00,1010 Scotia Bank Main,79386,2013-12-24,1260.00,CHQ 283,283,6,0.00
MATCHED,2013-12-20,dd,Erles Auto Repair,265.92,1010 Scotia Bank Main,79363,2013-12-20,265.92,Eries Auto Repair,,0,0.00
MATCHED,2013-12-20,dd,Choice Auto Electric Ltd.,137.35,1010 Scotia Bank Main,79366,2013-12-20,137.35,Choice Auto Electric,,0,0.00
MATCHED,2013-12-27,dd,Telus Communications,1077.45,1010 Scotia Bank Main,79394,2013-12-27,1077.45,TELUS,,0,0.00
MATCHED,2013-12-27,dd,WCB,1124.23,1010 Scotia Bank Main,79393,2013-12-27,1124.23,WCB,,0,0.00
MATCHED,2013-12-27,dd,Telus Communications,1655.63,1010 Scotia Bank Main,79392,2013-12-27,1655.63,TELUS,,0,0.00
MATCHED,2013-12-27,dd,Telus Communications,378.35,1010 Scotia Bank Main,79398,2013-12-27,378.35,TELUS,,0,0.00
MATCHED,2013-12-27,289,Fibrenew,492.26,1010 Scotia Bank Main,79417,2013-12-31,492.26,CHQ 289,289,4,0.00
MATCHED,2013-12-27,288,Fibrenew,1706.25,1010 Scotia Bank Main,79416,2013-12-31,1706.25,CHQ 288,288,4,0.00
MATCHED,2013-12-27,dd,Rogers,740.17,1010 Scotia Bank Main,79395,2013-12-27,740.17,ROGERS,,0,0.00
MATCHED,2014-01-02,292,Carriage Auto Upholstery,1540.00,1010 Scotia Bank Main,79444,2014-01-06,1540.00,CHQ 292 CARRIAGE UPHOLSTERY,292,4,0.00
MATCHED,2014-01-03,dd,Erles Auto Repair,487.41,1010 Scotia Bank Main,79436,2014-01-06,487.41,ERLES AUTO REPAIR,,3,0.00
MATCHED,2014-01-09,dd,Erles Auto Repair,420.00,1010 Scotia Bank Main,79463,2014-01-09,420.00,ERLES AUTO REPAIR,,0,0.00
MATCHED,2014-01-16,dd,Telus Communications,1653.40,1010 Scotia Bank Main,79489,2014-01-16,1653.40,TELUS,,0,0.00
MATCHED,2014-01-17,dd,Erles Auto Repair,1124.28,1010 Scotia Bank Main,79493,2014-01-17,1124.28,ERLES AUTO REPAIR,,0,0.00
NO_DATE_OR_AMOUNT,2014-01-17,,Telus Communications,0.00,1010 Scotia Bank Main,,,,,,,
MATCHED,2014-01-23,dd,WCB,500.00,1010 Scotia Bank Main,79510,2014-01-23,500.00,WCB,,0,0.00
MATCHED,2014-01-24,dd,Full Spectrum,3000.00,1010 Scotia Bank Main,79514,2014-01-24,3000.00,DRAFT PURCHASE,,0,0.00
MATCHED,2014-01-24,dd,Erles Auto Repair,1607.76,1010 Scotia Bank Main,79513,2014-01-24,1607.76,ERLES AUTO REPAIR,,0,0.00
MATCHED,2014-01-25,308,With This Ring Bridal Gala,997.50,1010 Scotia Bank Main,79524,2014-01-27,997.50,CHQ 308 WITH THIS RING (WEDDING SHOW AD),308,2,0.00
MATCHED,2014-01-28,dd,Carpet Superstores,1200.00,1010 Scotia Bank Main,79536,2014-01-28,1200.00,CARPET SUPERSTORE,,0,0.00
MATCHED,2014-01-30,dd,Erles Auto Repair,585.27,1010 Scotia Bank Main,79543,2014-01-30,585.27,ERLES AUTO REPAIR,,0,0.00
MATCHED,2014-01-30,dd,Erles Auto Repair,110.25,1010 Scotia Bank Main,79542,2014-01-30,110.25,ERLES AUTO REPAIR,,0,0.00
MATCHED,2014-01-30,dd,Tire Garage,375.96,1010 Scotia Bank Main,79544,2014-01-30,375.96,TIRE GARAGE,,0,0.00
MATCHED,2014-01-31,dd,Erles Auto Repair,1000.00,1010 Scotia Bank Main,79548,2014-01-31,1000.00,ERLES AUTO REPAIR,,0,0.00
MATCHED,2014-02-01,dd,Erles Auto Repair,659.00,1010 Scotia Bank Main,79562,2014-02-03,659.00,ERLES AUTO REPAIR,,2,0.00
MATCHED,2014-02-03,dd,Erles Auto Repair,587.58,1010 Scotia Bank Main,79567,2014-02-03,587.58,ERLES AUTO REPAIR,,0,0.00
NO_DATE_OR_AMOUNT,2014-02-17,,Telus Communications,0.00,1010 Scotia Bank Main,,,,,,,
MATCHED,2014-02-20,dd,Telus Communications,100.47,1010 Scotia Bank Main,79650,2014-02-19,100.47,TELUS,,1,0.00
MATCHED,2014-02-20,dd,Telus Communications,789.55,1010 Scotia Bank Main,79651,2014-02-20,789.55,TELUS,,0,0.00
MATCHED,2014-02-26,dd,Carpet Superstores,455.97,1010 Scotia Bank Main,79678,2014-02-26,455.97,CARPET SUPERSTORE,,0,0.00
MATCHED,2014-03-05,dd,Choice Auto Electric Ltd.,126.20,1010 Scotia Bank Main,79711,2014-03-05,126.20,choice auto electric,,0,0.00
MATCHED,2014-03-06,dd,Mikasa Performance,390.00,1010 Scotia Bank Main,79713,2014-03-06,390.00,mikassa,,0,0.00
MATCHED,2014-03-06,325,Big 105,630.00,1010 Scotia Bank Main,79715,2014-03-07,630.00,CHQ 325 106.7 THE DRIVE,325,1,0.00
MATCHED,2014-03-07,327,IP Fabrications Ltd.,892.50,1010 Scotia Bank Main,79732,2014-03-10,892.50,CHQ 327 IP FABRICATION LTD (BUS SEAT FRAME),327,3,0.00
MATCHED,2014-03-14,dd,Erles Auto Repair,237.51,1010 Scotia Bank Main,79753,2014-03-14,237.51,ERLES AUTO REPAIR,,0,0.00
MATCHED,2014-03-21,dd,Frame It Store,278.74,1010 Scotia Bank Main,79786,2014-03-21,278.74,frame it store,,0,0.00
MATCHED,2014-03-24,335,Fibrenew,2179.34,1010 Scotia Bank Main,79797,2014-03-24,2179.34,CHQ 335 FIBRENEW (INV 5386 AND 5365),335,0,0.00
MATCHED,2014-03-24,dd,Telus Communications,1600.00,1010 Scotia Bank Main,79809,2014-03-24,1600.00,TELUS,,0,0.00
MATCHED,2014-03-24,dd,Rogers,251.11,1010 Scotia Bank Main,79808,2014-03-24,251.11,ROGERS,,0,0.00
MATCHED,2014-04-03,dd,Erles Auto Repair,693.21,1010 Scotia Bank Main,79848,2014-04-03,693.21,ERLES AUTO REPAIR,,0,0.00
MATCHED,2014-04-07,337,CFIB,500.00,1010 Scotia Bank Main,79896,2014-04-11,500.00,CHQ 337 CFIB,337,4,0.00
MATCHED,2014-04-10,dd,Telus Communications,1300.00,1010 Scotia Bank Main,79893,2014-04-10,1300.00,TELUS,,0,0.00
MATCHED,2014-04-14,dd,Telus Communications,289.98,1010 Scotia Bank Main,79911,2014-04-14,289.98,TELUS,,0,0.00
MATCHED,2014-04-23,dd,Rogers,261.77,1010 Scotia Bank Main,79974,2014-04-24,261.77,ROGERS,,1,0.00
MATCHED,2014-04-24,347,Fibrenew,252.83,1010 Scotia Bank Main,80014,2014-05-01,252.83,CHQ 347 FIBRENEW (UTILITIES - INV 5293),347,7,0.00
MATCHED,2014-04-24,348,Fibrenew,1706.25,1010 Scotia Bank Main,80013,2014-05-01,1706.25,CHQ 348 FIBRENEW (INV 5327),348,7,0.00
MATCHED,2014-04-27,349,Fibrenew,382.80,1010 Scotia Bank Main,80012,2014-05-01,382.80,"CHQ 349 FIBRENEW (UTILITIES - INV 5328, 5387)",349,4,0.00
MATCHED,2014-04-29,dd,Kirk's Tire (Red Deer) Ltd.,400.00,1010 Scotia Bank Main,79999,2014-04-30,400.00,KIRKS TIRE,,1,0.00
MATCHED,2014-04-30,dd,Erles Auto Repair,2000.00,1010 Scotia Bank Main,80004,2014-04-30,2000.00,ERLES AUTO REPAIR,,0,0.00
MATCHED,2014-05-08,357,Big 105,672.00,1010 Scotia Bank Main,80060,2014-05-09,672.00,CHQ 357 106.7 THE DRIVE,357,1,0.00
MATCHED,2014-05-09,dd,Rogers,297.81,1010 Scotia Bank Main,80063,2014-05-09,297.81,ROGERS,,0,0.00
MATCHED,2014-05-09,dd,Carriage Auto Upholstery,740.00,1010 Scotia Bank Main,80062,2014-05-09,740.00,CARRIAGE AUTO UPHOLSTERY,,0,0.00
MATCHED,2014-05-12,dd,Telus Communications,1604.79,1010 Scotia Bank Main,80081,2014-05-13,1604.79,TELUS,,1,0.00
NO_MATCH,2014-05-13,359,Fibrenew,1706.25,1010 Scotia Bank Main,,,,,,,
MATCHED,2014-05-15,dd,Northland Radiator Service,625.00,1010 Scotia Bank Main,80101,2014-05-15,625.00,NORTHLAND RADIATOR,,0,0.00
MATCHED,2014-05-21,dd,Northland Radiator Service,168.00,1010 Scotia Bank Main,80139,2014-05-21,168.00,NORTHLAND RADIATOR,,0,0.00
MATCHED,2014-05-21,dd,Rogers,262.90,1010 Scotia Bank Main,80144,2014-05-21,262.90,ROGERS,,0,0.00
MATCHED,2014-05-21,dd,Erles Auto Repair,620.75,1010 Scotia Bank Main,80141,2014-05-21,620.75,ERLES AUTO REPAIR,,0,0.00
MATCHED,2014-05-22,dd,Northland Radiator Service,614.84,1010 Scotia Bank Main,80150,2014-05-22,614.84,NORTHLAND RADIATOR,,0,0.00
MATCHED,2014-05-22,dd,Erles Auto Repair,701.40,1010 Scotia Bank Main,80154,2014-05-22,701.40,ERLES AUTO REPAIR,,0,0.00
MATCHED,2014-05-28,dd,Northland Radiator Service,233.02,1010 Scotia Bank Main,80188,2014-05-28,233.02,NORTHLAND RADIATOR,,0,0.00
MATCHED,2014-05-29,367,106.7 The Drive,672.00,1010 Scotia Bank Main,80216,2014-06-02,672.00,CHQ 367 106.7 THE DRIVE,367,4,0.00
MATCHED,2014-06-09,dd,Telus Communications,1582.33,1010 Scotia Bank Main,80268,2014-06-09,1582.33,TELUS,,0,0.00
NO_DATE_OR_AMOUNT,2017-06-29,,Rogers,0.00,1010 Scotia Bank Main,,,,,,,
MATCHED,2014-06-23,dd,Erles Auto Repair,120.75,1020 Personal CIBC 8362,88315,2014-06-23,120.75,ERLES AUTO REPAIR,,0,0.00
MATCHED,2014-06-24,dd,CarLine,814.22,1020 Personal CIBC 8362,62587,2014-06-24,814.22,Point of Sale - INTERAC RETAIL PURCHASE 000001371002 CARLINE MUFFLER,,0,0.00
MATCHED,2014-06-24,dd,Indy Graphics,401.63,1020 Personal CIBC 8362,62588,2014-06-24,401.63,Point of Sale - INTERAC RETAIL PURCHASE 140001001005 INDY GRAPHICS G,,0,0.00
MATCHED,2014-07-10,dd,Erles Auto Repair,426.41,1020 Personal CIBC 8362,88372,2014-07-10,426.41,ERLES AUTO REPAIR,,0,0.00
MATCHED,2014-07-10,dd,Telus Communications,1581.92,1020 Personal CIBC 8362,88370,2014-07-10,1581.92,TELUS,,0,0.00
MATCHED,2014-07-15,dd,Erles Auto Repair,288.75,1020 Personal CIBC 8362,62659,2014-07-15,288.75,PointofSale - INTERAC RETAIL PURCHASE 000001770003,,0,0.00
MATCHED,2014-07-18,dd,Erles Auto Repair,859.32,1020 Personal CIBC 8362,88408,2014-07-18,859.32,ERLES AUTO REPAIR,,0,0.00
MATCHED,2014-07-18,dd,Sully Chapman Beattie,226.19,1020 Personal CIBC 8362,88406,2014-07-18,226.19,SULLEY CHAPMAN B,,0,0.00
MATCHED,2014-07-21,dd,Telus Communications,1581.92,1020 Personal CIBC 8362,88411,2014-07-21,1581.92,TELUS,,0,0.00
MATCHED,2014-07-28,dd,Erles Auto Repair,622.67,1020 Personal CIBC 8362,88444,2014-07-28,622.67,ERLES AUTO REPAIR,,0,0.00
MATCHED,2014-07-29,dd,Erles Auto Repair,1189.65,1020 Personal CIBC 8362,62712,2014-07-29,1189.65,PointofSale - INTERAC RETAIL PURCHASE 000001780002,,0,0.00
MATCHED,2014-07-29,dd,Carriage Auto Upholstery,84.00,1020 Personal CIBC 8362,88445,2014-07-29,84.00,CARIAGE AUTO,,0,0.00
MATCHED,2014-08-08,dd,Northland Radiator Service,3700.00,1020 Personal CIBC 8362,88482,2014-08-08,3700.00,BANK WITHDRAWAL,,0,0.00
MATCHED,2014-08-13,dd,KNW Diesel Inc,1200.00,1020 Personal CIBC 8362,88498,2014-08-13,1200.00,KNW DIESEL IN,,0,0.00
MATCHED,2014-08-14,dd,KNW Diesel Inc,2000.00,1020 Personal CIBC 8362,88503,2014-08-14,2000.00,KNW DIESEL IN,,0,0.00
MATCHED,2014-08-18,dd,Rogers,358.21,1020 Personal CIBC 8362,88515,2014-08-18,358.21,ROGERS,,0,0.00
MATCHED,2014-08-26,dd,WCB,8428.28,1020 Personal CIBC 8362,88538,2014-08-26,8428.28,BANK WITHDRAWAL,,0,0.00
MATCHED,2014-09-05,dd,Erles Auto Repair,971.36,1020 Personal CIBC 8362,62842,2014-09-05,971.36,Point ofSale - INTERAC RETAIL PURCHASE 000001806004,,0,0.00
MATCHED,2014-09-12,dd,Erles Auto Repair,1483.65,1020 Personal CIBC 8362,88615,2014-09-12,1483.65,ERLES AUTO REPAIR,,0,0.00
MATCHED,2014-09-12,dd,Erles Auto Repair,345.87,1020 Personal CIBC 8362,62906,2014-09-12,345.87,Point ofSale - INTERAC RETAIL PURCHASE 000001811005,,0,0.00
MATCHED,2014-09-16,dd,Kirk's Tire (Red Deer) Ltd.,2000.00,1020 Personal CIBC 8362,88631,2014-09-16,2000.00,KIRKS TIRE,,0,0.00
NO_MATCH,2014-09-22,dd,Action Pages Canada,2903.61,1020 Personal CIBC 8362,,,,,,,
MATCHED,2014-09-26,dd,Kal-Tire,670.00,1020 Personal CIBC 8362,88660,2014-09-26,670.00,KAL TIRE,,0,0.00
MATCHED,2014-10-10,dd,Kirk's Tire (Red Deer) Ltd.,443.39,1020 Personal CIBC 8362,88714,2014-10-10,443.39,KIRKS TIRE,,0,0.00
MATCHED,2014-10-15,dd,Telus Communications,1550.26,1020 Personal CIBC 8362,88723,2014-10-15,1550.26,TELUS,,0,0.00
MATCHED,2014-10-17,dd,Telus Communications,504.48,1020 Personal CIBC 8362,88738,2014-10-17,504.48,TELUS,,0,0.00
MATCHED,2014-11-21,dd,Erles Auto Repair,628.16,1020 Personal CIBC 8362,88871,2014-11-21,628.16,ERLES AUTO REPAIR,,0,0.00
MATCHED,2014-11-28,dd,Erles Auto Repair,561.54,1020 Personal CIBC 8362,97379,2014-11-28,561.54,RETAIL PURCHASE 000001865005 ERLES AUTO REPA,,0,0.00
MATCHED,2014-12-04,dd,Centratech Technical,29.20,1020 Personal CIBC 8362,88917,2014-12-04,29.20,CENTRATECH TECH,,0,0.00
MATCHED,2014-12-09,dd,Telus Communications,1613.94,1020 Personal CIBC 8362,63159,2014-12-09,1613.94,TELUS,,0,0.00
MATCHED,2014-12-17,dd,Telus Communications,1600.00,1020 Personal CIBC 8362,97431,2014-12-17,1600.00,INTERNET BILL PAY 000000074144 TELUS COMMUNICATIONS,,0,0.00
MATCHED,2014-12-24,dd,WCB,963.34,1020 Personal CIBC 8362,88988,2014-12-22,963.34,BANK WITHDRAWAL TO PAY WCB,,2,0.00
MATCHED,2015-02-10,dd,Telus Communications,3546.45,1020 Personal CIBC 8362,89167,2015-02-09,3546.45,TELUS,,1,0.00
MATCHED,2015-02-27,dd,Telus Communications,159.52,1020 Personal CIBC 8362,89237,2015-02-27,159.52,TELUS,,0,0.00
MATCHED,2015-02-27,dd,Telus Communications,159.52,1020 Personal CIBC 8362,89238,2015-02-27,159.52,TELUS MISSED PAYMENT,,0,0.00
MATCHED,2015-03-12,dd,Telus Communications,167.32,1020 Personal CIBC 8362,89296,2015-03-12,167.32,TELUS,,0,0.00
MATCHED,2015-03-13,dd,Telus Communications,1400.00,1020 Personal CIBC 8362,89298,2015-03-13,1400.00,TELUS,,0,0.00
MATCHED,2015-03-16,dd,Telus Communications,400.00,1020 Personal CIBC 8362,89300,2015-03-16,400.00,TELUS,,0,0.00
MATCHED,2015-03-17,dd,Rogers,310.42,1020 Personal CIBC 8362,89310,2015-03-17,310.42,ROGERS,,0,0.00
MATCHED,2015-04-14,dd,Telus Communications,1930.40,1020 Personal CIBC 8362,89411,2015-04-14,1930.40,TELUS,,0,0.00
MATCHED,2015-04-15,dd,Telus Communications,264.83,1020 Personal CIBC 8362,89416,2015-04-15,264.83,TELUS,,0,0.00
MATCHED,2015-05-06,dd,Rogers,772.89,1020 Personal CIBC 8362,89507,2015-05-06,772.89,ROGERS,,0,0.00
MATCHED,2015-05-21,dd,Kal-Tire,1500.00,1020 Personal CIBC 8362,95087,2015-05-21,1500.00,KAL TIRE,,0,0.00
MATCHED,2015-06-04,dd,Kal-Tire,600.00,1020 Personal CIBC 8362,95107,2015-06-04,600.00,KAL TIRE,,0,0.00
MATCHED,2015-06-26,dd,Erles Auto Repair,224.91,1020 Personal CIBC 8362,89715,2015-06-26,224.91,ERLES AUTO REPAIR,,0,0.00
MATCHED,2015-06-29,dd,Rogers,339.96,1020 Personal CIBC 8362,89727,2015-06-29,339.96,ROGERS,,0,0.00
MATCHED,2015-07-14,dd,Telus Communications,1970.62,1020 Personal CIBC 8362,89790,2015-07-14,1970.62,TELUS,,0,0.00
MATCHED,2015-07-14,dd,Tire Garage,450.00,1020 Personal CIBC 8362,89791,2015-07-14,450.00,THE TIRE GARAGE,,0,0.00
MATCHED,2015-07-29,dd,Erles Auto Repair,262.50,1020 Personal CIBC 8362,89848,2015-07-29,262.50,ERLES AUTO REPAIR,,0,0.00
MATCHED,2015-08-07,dd,Erles Auto Repair,614.57,1020 Personal CIBC 8362,89891,2015-08-07,614.57,ERLES AUTO REPAIR,,0,0.00
MATCHED,2015-08-19,dd,Telus Communications,1400.00,1020 Personal CIBC 8362,89937,2015-08-19,1400.00,TELUS,,0,0.00
MATCHED,2015-08-28,dd,Rogers,464.07,1020 Personal CIBC 8362,95120,2015-08-28,464.07,ROGERS,,0,0.00
MATCHED,2015-09-04,dd,Erles Auto Repair,202.36,1020 Personal CIBC 8362,90005,2015-09-04,202.36,ERLES AUTO REPAIR,,0,0.00
MATCHED,2015-09-15,dd,Kal-Tire,367.45,1020 Personal CIBC 8362,90038,2015-09-15,367.45,KAL TIRE,,0,0.00
MATCHED,2015-10-19,dd,Telus Communications,1950.00,1020 Personal CIBC 8362,90175,2015-10-19,1950.00,TELUS,,0,0.00
MATCHED,2015-10-30,dd,Erles Auto Repair,262.50,1020 Personal CIBC 8362,90227,2015-10-30,262.50,ERLES AUTO REPAIR,,0,0.00
MATCHED,2015-11-06,dd,Rogers,463.90,1020 Personal CIBC 8362,90252,2015-11-06,463.90,ROGERS,,0,0.00
MATCHED,2015-12-10,dd,Erles Auto Repair,777.53,1020 Personal CIBC 8362,95133,2015-12-09,777.53,ERLES AUTO REPAIR,,1,0.00
MATCHED,2015-12-11,dd,Telus Communications,2200.00,1020 Personal CIBC 8362,90375,2015-12-14,2200.00,TELUS,,3,0.00
MATCHED,2015-12-15,dd,Telus Communications,303.40,1020 Personal CIBC 8362,90374,2015-12-14,303.40,TELUS,,1,0.00
MATCHED,2015-12-29,dd,Erles Auto Repair,1200.00,1020 Personal CIBC 8362,90416,2015-12-29,1200.00,ERLES AUTO REPAIR,,0,0.00
MATCHED,2015-12-31,dd,Erles Auto Repair,262.50,1020 Personal CIBC 8362,90433,2015-12-31,262.50,ERLES AUTO REPAIR,,0,0.00
MATCHED,2016-01-15,dd,Rogers,166.02,1020 Personal CIBC 8362,90483,2016-01-15,166.02,ROGERS,,0,0.00
MATCHED,2016-01-19,dd,Erles Auto Repair,65.63,1020 Personal CIBC 8362,90506,2016-01-19,65.63,ERLES AUTO REPAIR,,0,0.00
MATCHED,2016-02-12,dd,Tire Garage,638.93,1020 Personal CIBC 8362,90584,2016-02-12,638.93,THE TIRE GARAGE,,0,0.00
MATCHED,2016-03-08,dd,Telus Communications,223.82,1020 Personal CIBC 8362,95141,2016-03-07,223.82,TELUS,,1,0.00
MATCHED,2016-04-12,dd,Telus Communications,1360.00,1020 Personal CIBC 8362,90759,2016-04-11,1360.00,TELUS,,1,0.00
MATCHED,2016-04-21,dd,Erles Auto Repair,839.79,1020 Personal CIBC 8362,90791,2016-04-21,839.79,ERLES AUTO REPAIR,,0,0.00
MATCHED,2016-05-26,dd,Rogers,466.94,1020 Personal CIBC 8362,90884,2016-05-26,466.94,RODGERS,,0,0.00
MATCHED,2017-01-19,dd,The Tire Garage,850.50,1020 Personal CIBC 8362,91755,2017-01-19,850.50,THE TIRE GARAGE,,0,0.00
MATCHED,2017-05-11,dd,Alta Law,635.41,1020 Personal CIBC 8362,92163,2017-05-11,635.41,ALTALAW LLP,,0,0.00
MATCHED,2012-01-01,17,Niteline Limousine Service Ltd.,500.00,1090 Bank Shareholder,101808,2012-01-03,500.00,CASH WITHDRAWAL,,2,0.00
NO_MATCH,2012-01-01,16,Niteline Limousine Service Ltd.,411.09,1090 Bank Shareholder,,,,,,,
NO_MATCH,2012-01-03,cash,Erles Auto Repair,453.34,1090 Bank Shareholder,,,,,,,
NO_MATCH,2012-01-10,18,Niteline Limousine Service Ltd.,400.00,1090 Bank Shareholder,,,,,,,
NO_MATCH,2012-01-24,cash,Parr's Automotive,500.00,1090 Bank Shareholder,,,,,,,
NO_MATCH,2012-01-24,cash,Fibrenew,1050.00,1090 Bank Shareholder,,,,,,,
NO_MATCH,2012-01-28,cash,Fibrenew,1268.48,1090 Bank Shareholder,,,,,,,
NO_MATCH,2012-02-22,Vi450,Korax Inc.,314.37,1090 Bank Shareholder,,,,,,,
NO_MATCH,2012-02-28,cash,Fibrenew,1050.00,1090 Bank Shareholder,,,,,,,
NO_MATCH,2012-03-08,cash,Red Deer Advocate,108.57,1090 Bank Shareholder,,,,,,,
NO_MATCH,2012-03-10,19,Niteline Limousine Service Ltd.,350.00,1090 Bank Shareholder,,,,,,,
NO_MATCH,2012-03-19,dd,Rogers,450.00,1090 Bank Shareholder,,,,,,,
NO_MATCH,2012-04-17,20,Niteline Limousine Service Ltd.,574.53,1090 Bank Shareholder,,,,,,,
NO_MATCH,2012-04-17,20,Niteline Limousine Service Ltd.,1357.85,1090 Bank Shareholder,,,,,,,
NO_MATCH,2012-05-01,cash,Fibrenew,1050.00,1090 Bank Shareholder,,,,,,,
NO_MATCH,2012-05-09,dd,Rogers,346.23,1090 Bank Shareholder,,,,,,,
NO_MATCH,2012-05-23,23002,Vibe Car Auto,724.50,1090 Bank Shareholder,,,,,,,
NO_MATCH,2012-05-23,cash,Tiffany Coachbuilders,513.83,1090 Bank Shareholder,,,,,,,
NO_MATCH,2012-06-06,dd,Rogers,572.22,1090 Bank Shareholder,,,,,,,
NO_MATCH,2012-07-03,dd,Rogers,992.24,1090 Bank Shareholder,,,,,,,
NO_MATCH,2012-08-10,cash,Parr's Automotive,700.00,1090 Bank Shareholder,,,,,,,
NO_MATCH,2012-08-28,dd,Rogers,712.00,1090 Bank Shareholder,,,,,,,
NO_MATCH,2012-10-18,cash,Fibrenew,105.00,1090 Bank Shareholder,,,,,,,
NO_MATCH,2012-10-22,dd,Rogers,893.00,1090 Bank Shareholder,,,,,,,
NO_MATCH,2012-10-31,cash,Fibrenew,183.84,1090 Bank Shareholder,,,,,,,
NO_MATCH,2012-11-26,dd,Rogers,923.98,1090 Bank Shareholder,,,,,,,
MATCHED,2012-11-26,dd,Parr's Automotive,1000.00,1090 Bank Shareholder,69620,2012-12-03,1000.00,CHQ 104 KEVIN BOULLEY,104,7,0.00
NO_MATCH,2012-12-03,cash,Parr's Automotive,502.07,1090 Bank Shareholder,,,,,,,
NO_MATCH,2012-12-03,101,Parr's Automotive,823.80,1090 Bank Shareholder,,,,,,,
NO_MATCH,2012-12-03,101,Parr's Automotive,320.88,1090 Bank Shareholder,,,,,,,
NO_MATCH,2012-12-10,cash,Parr's Automotive,593.62,1090 Bank Shareholder,,,,,,,
NO_MATCH,2012-12-10,cash,Parr's Automotive,355.32,1090 Bank Shareholder,,,,,,,
NO_MATCH,2012-12-10,cash,Parr's Automotive,53.06,1090 Bank Shareholder,,,,,,,
NO_DATE_OR_AMOUNT,2012-12-19,,WCB,0.00,1090 Bank Shareholder,,,,,,,
NO_MATCH,2012-12-20,cash,Choice Auto Electric Ltd.,100.00,1090 Bank Shareholder,,,,,,,
NO_MATCH,2012-12-31,cash,Fibrenew,1450.96,1090 Bank Shareholder,,,,,,,
NO_MATCH,2013-01-18,cash,Vibe Car Auto,246.74,1090 Bank Shareholder,,,,,,,
NO_MATCH,2013-02-21,Vi2450,Korax Inc.,314.37,1090 Bank Shareholder,,,,,,,
NO_MATCH,2013-02-26,dd,Telus Communications,3958.50,1090 Bank Shareholder,,,,,,,
NO_MATCH,2013-03-05,cash,Fibrenew,1403.27,1090 Bank Shareholder,,,,,,,
NO_MATCH,2013-03-09,dd,Rogers,976.81,1090 Bank Shareholder,,,,,,,
NO_MATCH,2013-03-19,cash,Indy Signs Inc.,243.59,1090 Bank Shareholder,,,,,,,
NO_MATCH,2013-03-26,cash,Fibrenew,8.21,1090 Bank Shareholder,,,,,,,
NO_MATCH,2013-07-02,cash,Kirk's Tire (Red Deer) Ltd.,55.57,1090 Bank Shareholder,,,,,,,
NO_MATCH,2013-07-08,cash,Erles Auto Repair,525.53,1090 Bank Shareholder,,,,,,,
NO_MATCH,2013-07-08,cash,Erles Auto Repair,285.00,1090 Bank Shareholder,,,,,,,
NO_MATCH,2013-07-10,cash,Erles Auto Repair,423.68,1090 Bank Shareholder,,,,,,,
NO_MATCH,2013-07-10,cash,Erles Auto Repair,623.49,1090 Bank Shareholder,,,,,,,
NO_MATCH,2013-07-15,cash,Erles Auto Repair,907.63,1090 Bank Shareholder,,,,,,,
NO_MATCH,2013-07-23,cash,Erles Auto Repair,165.00,1090 Bank Shareholder,,,,,,,
NO_MATCH,2013-10-14,cash,Royal Refrigeration Ltd,899.85,1090 Bank Shareholder,,,,,,,
NO_MATCH,2013-12-06,cash,Carriage Auto Upholstery,3500.00,1090 Bank Shareholder,,,,,,,
NO_MATCH,2013-12-09,cash,Choice Auto Electric Ltd.,9.87,1090 Bank Shareholder,,,,,,,
NO_MATCH,2014-01-31,Vi3983,Frame It Store,153.04,1090 Bank Shareholder,,,,,,,
NO_MATCH,2014-02-06,Vi2450,Erles Auto Repair,268.91,1090 Bank Shareholder,,,,,,,
NO_MATCH,2014-02-10,cash,Fibrenew,1000.00,1090 Bank Shareholder,,,,,,,
NO_MATCH,2014-02-10,Vi3983,Frame It Store,153.04,1090 Bank Shareholder,,,,,,,
NO_MATCH,2014-02-14,cash,Tire Garage,57.76,1090 Bank Shareholder,,,,,,,
NO_MATCH,2014-02-15,Vi2450,Korax Inc.,314.37,1090 Bank Shareholder,,,,,,,
NO_MATCH,2014-03-04,dd,Canwest Productions Inc.,105.00,1090 Bank Shareholder,,,,,,,
NO_MATCH,2014-04-02,dd,Canwest Productions Inc.,400.00,1090 Bank Shareholder,,,,,,,
NO_MATCH,2014-04-21,dd,Canwest Productions Inc.,609.10,1090 Bank Shareholder,,,,,,,
NO_MATCH,2014-04-29,cash,Kirk's Tire (Red Deer) Ltd.,1600.00,1090 Bank Shareholder,,,,,,,
NO_MATCH,2014-04-30,cash,Erles Auto Repair,516.01,1090 Bank Shareholder,,,,,,,
NO_MATCH,2014-05-01,cash,Fibrenew,1974.58,1090 Bank Shareholder,,,,,,,
NO_MATCH,2014-05-15,cash,Northland Radiator Service,60.00,1090 Bank Shareholder,,,,,,,
NO_MATCH,2014-06-19,cash,Tire Garage,196.35,1090 Bank Shareholder,,,,,,,
NO_MATCH,2014-06-25,dd,Rogers,339.10,1090 Bank Shareholder,,,,,,,
NO_MATCH,2014-06-28,cash,Tire Garage,1570.00,1090 Bank Shareholder,,,,,,,
NO_MATCH,2014-07-23,Vi2450,Rogers,422.95,1090 Bank Shareholder,,,,,,,
MATCHED,2014-07-26,cash,Erles Auto Repair,1000.00,1090 Bank Shareholder,62710,2014-07-28,1000.00,Automated Banking Machine INSTANTTELLERWITHDRAWAL,,2,0.00
NO_MATCH,2014-07-29,cash,Big 105,430.00,1090 Bank Shareholder,,,,,,,
NO_MATCH,2014-07-30,cash,Choice Auto Electric Ltd.,1.40,1090 Bank Shareholder,,,,,,,
NO_MATCH,2014-08-12,cash,Big 105,700.00,1090 Bank Shareholder,,,,,,,
NO_MATCH,2014-08-25,cash,Big 105,120.00,1090 Bank Shareholder,,,,,,,
NO_MATCH,2014-08-25,Vi7769,The Phone Experts,152.25,1090 Bank Shareholder,,,,,,,
NO_MATCH,2014-09-03,cash,Fibrenew,2000.00,1090 Bank Shareholder,,,,,,,
NO_MATCH,2014-09-25,Vi2450,Rogers,264.28,1090 Bank Shareholder,,,,,,,
NO_MATCH,2014-09-26,dd,Kal-Tire,121.70,1090 Bank Shareholder,,,,,,,
NO_MATCH,2014-09-29,cash,Tire Garage,28.88,1090 Bank Shareholder,,,,,,,
NO_MATCH,2014-09-30,cash,Big 105,750.00,1090 Bank Shareholder,,,,,,,
NO_MATCH,2014-09-30,cash,CarLine,497.70,1090 Bank Shareholder,,,,,,,
MATCHED,2014-10-01,cash,AGLC,200.00,1090 Bank Shareholder,62987,2014-10-06,200.00,Automated Banking Machine INSTANTTELLERWITHDRAWAL,,5,0.00
MATCHED,2014-10-06,cash,Fibrenew,1000.00,1090 Bank Shareholder,62977,2014-10-02,1000.00,Automated Banking Machine INSTANTTELLERWITHDRAWAL,,4,0.00
NO_MATCH,2014-10-08,dd,CarLine,210.00,1090 Bank Shareholder,,,,,,,
NO_MATCH,2014-10-20,cash,Fibrenew,1288.36,1090 Bank Shareholder,,,,,,,
MATCHED,2014-10-21,cash,Fibrenew,2000.00,1090 Bank Shareholder,88751,2014-10-20,2000.00,ALL SERVICE INSURANCE,,1,0.00
NO_MATCH,2014-10-23,cash,Big 105,750.00,1090 Bank Shareholder,,,,,,,
NO_MATCH,2014-10-25,cash,Fibrenew,2286.98,1090 Bank Shareholder,,,,,,,
NO_MATCH,2014-11-03,cash,106.7 The Drive,630.00,1090 Bank Shareholder,,,,,,,
NO_MATCH,2014-11-15,dd,Telus Communications,355.34,1090 Bank Shareholder,,,,,,,
NO_MATCH,2014-11-22,dd,Rogers,313.42,1090 Bank Shareholder,,,,,,,
MATCHED,2014-12-02,cash,Big 105,1000.00,1090 Bank Shareholder,88907,2014-12-01,1000.00,ALL SERVICE INSURANCE,,1,0.00
NO_MATCH,2014-12-03,dd,CarLine,406.61,1090 Bank Shareholder,,,,,,,
MATCHED,2014-12-22,cash,Fibrenew,2000.00,1090 Bank Shareholder,88980,2014-12-22,2000.00,ETRANSFER HEFFNER,,0,0.00
NO_MATCH,2014-12-22,cash,Erles Auto Repair,830.00,1090 Bank Shareholder,,,,,,,
NO_MATCH,2014-12-27,dd,Rogers,304.14,1090 Bank Shareholder,,,,,,,
NO_MATCH,2015-01-25,dd,Telus Communications,358.62,1090 Bank Shareholder,,,,,,,
NO_MATCH,2015-01-27,cash,Fibrenew,1700.00,1090 Bank Shareholder,,,,,,,
NO_MATCH,2015-01-31,dd,Rogers,360.13,1090 Bank Shareholder,,,,,,,
NO_MATCH,2015-02-09,cash,Big 105,700.00,1090 Bank Shareholder,,,,,,,
NO_MATCH,2015-02-23,cash,Fibrenew,1706.25,1090 Bank Shareholder,,,,,,,
NO_MATCH,2015-02-23,Vi9920,Korax Inc.,314.37,1090 Bank Shareholder,,,,,,,
NO_MATCH,2015-03-03,cash,Big 105,70.00,1090 Bank Shareholder,,,,,,,
MATCHED,2015-03-26,cash,Fibrenew,1000.00,1090 Bank Shareholder,89333,2015-03-23,1000.00,BANK WITHDRAWAL,,3,0.00
MATCHED,2015-03-27,cash,Tire Garage,800.00,1090 Bank Shareholder,89339,2015-03-25,800.00,BANK WITHDRAWAL,,2,0.00
MATCHED,2015-04-01,CC,CFIB,500.00,1090 Bank Shareholder,89336,2015-03-25,500.00,ETRANSFER HEFFNER,,7,0.00
MATCHED,2015-04-20,cash,Fibrenew,1000.00,1090 Bank Shareholder,89425,2015-04-17,1000.00,ETRANSFER HEFFNER,,3,0.00
NO_MATCH,2015-04-24,cash,Big 105,1050.00,1090 Bank Shareholder,,,,,,,
NO_MATCH,2015-05-14,MC0151,Automotive Universe,1931.06,1090 Bank Shareholder,,,,,,,
NO_DATE_OR_AMOUNT,2015-05-19,,WCB,0.00,1090 Bank Shareholder,,,,,,,
NO_MATCH,2015-05-20,??,Alta Law,966.89,1090 Bank Shareholder,,,,,,,
NO_MATCH,2015-05-24,dd,Telus Communications,1190.00,1090 Bank Shareholder,,,,,,,
NO_MATCH,2015-05-24,dd,Telus Communications,79.00,1090 Bank Shareholder,,,,,,,
NO_MATCH,2015-05-24,dd,Telus Communications,535.92,1090 Bank Shareholder,,,,,,,
NO_MATCH,2015-05-24,dd,Telus Communications,153.92,1090 Bank Shareholder,,,,,,,
NO_MATCH,2015-05-24,dd,Telus Communications,2666.53,1090 Bank Shareholder,,,,,,,
NO_MATCH,2015-06-02,cash,Big 105,900.00,1090 Bank Shareholder,,,,,,,
NO_MATCH,2015-06-08,cash,Fibrenew,3657.50,1090 Bank Shareholder,,,,,,,
NO_MATCH,2015-06-11,cash,Call Gerry,386.00,1090 Bank Shareholder,,,,,,,
MATCHED,2015-06-17,cash,Fibrenew,1000.00,1090 Bank Shareholder,89669,2015-06-17,1000.00,BANK WITHDRAWAL,,0,0.00
NO_DATE_OR_AMOUNT,2015-06-19,,Rogers,0.00,1090 Bank Shareholder,,,,,,,
NO_MATCH,2015-06-30,cash,Fibrenew,71.34,1090 Bank Shareholder,,,,,,,
NO_MATCH,2015-07-06,cash,Tire Garage,400.00,1090 Bank Shareholder,,,,,,,
NO_MATCH,2015-07-06,cash,Bookkeeping By Jan,525.00,1090 Bank Shareholder,,,,,,,
NO_MATCH,2015-07-14,Vi3187,Tire Garage,443.70,1090 Bank Shareholder,,,,,,,
NO_MATCH,2015-08-11,cash,Fibrenew,3028.66,1090 Bank Shareholder,,,,,,,
MATCHED,2015-08-12,cash,Big 105,400.00,1090 Bank Shareholder,100362,2015-08-07,400.00,BANK WITHDRAWAL,,5,0.00
MATCHED,2015-08-13,cash,Big 105,300.00,1090 Bank Shareholder,89913,2015-08-14,300.00,BANK WITHDRAWAL,,1,0.00
NO_MATCH,2015-08-20,dd,Telus Communications,573.27,1090 Bank Shareholder,,,,,,,
NO_MATCH,2015-08-20,dd,Telus Communications,189.14,1090 Bank Shareholder,,,,,,,
NO_MATCH,2015-09-08,cash,Fibrenew,3000.00,1090 Bank Shareholder,,,,,,,
NO_MATCH,2015-09-10,dd,WCB,920.00,1090 Bank Shareholder,,,,,,,
NO_MATCH,2015-09-10,dd,WCB,457.89,1090 Bank Shareholder,,,,,,,
MATCHED,2015-09-22,cash,AGLC,200.00,1090 Bank Shareholder,90050,2015-09-17,200.00,BANK WITHDRAWAL,,5,0.00
NO_MATCH,2015-09-24,CC,Action Pages Canada,1400.11,1090 Bank Shareholder,,,,,,,
MATCHED,2015-10-23,cash,Big 105,400.00,1090 Bank Shareholder,90187,2015-10-20,400.00,BANK WITHDRAWAL,,3,0.00
NO_MATCH,2015-11-12,MC,Action Pages Canada,300.00,1090 Bank Shareholder,,,,,,,
NO_MATCH,2015-11-12,cash,Arctic Mechanical,370.84,1090 Bank Shareholder,,,,,,,
NO_MATCH,2015-11-12,MC1813,Action Pages Canada,300.00,1090 Bank Shareholder,,,,,,,
NO_MATCH,2015-11-17,cash,Excel Restoration Services Inc,220.00,1090 Bank Shareholder,,,,,,,
NO_MATCH,2015-11-23,dd,Rogers,239.03,1090 Bank Shareholder,,,,,,,
NO_MATCH,2015-12-07,cash,Fibrenew,2910.00,1090 Bank Shareholder,,,,,,,
NO_MATCH,2015-12-08,dd,Limousine Management Systems(LMS),1960.25,1090 Bank Shareholder,,,,,,,
NO_MATCH,2015-12-11,cash,Big 105,500.00,1090 Bank Shareholder,,,,,,,
NO_MATCH,2015-12-14,dd,Fibrenew,0.01,1090 Bank Shareholder,,,,,,,
NO_MATCH,2015-12-22,dd,Telus Communications,3758.30,1090 Bank Shareholder,,,,,,,
NO_MATCH,2015-12-29,cash,Erles Auto Repair,11.91,1090 Bank Shareholder,,,,,,,
NO_DATE_OR_AMOUNT,2016-01-10,,Telus Communications,0.00,1090 Bank Shareholder,,,,,,,
NO_MATCH,2016-01-24,dd,Telus Communications,2163.38,1090 Bank Shareholder,,,,,,,
NO_MATCH,2016-02-17,cash,Fibrenew,380.69,1090 Bank Shareholder,,,,,,,
NO_MATCH,2016-02-19,cash,Fibrenew,2575.00,1090 Bank Shareholder,,,,,,,
NO_MATCH,2016-02-23,dd,Rogers,372.00,1090 Bank Shareholder,,,,,,,
NO_MATCH,2016-03-11,cash,Big 105,250.00,1090 Bank Shareholder,,,,,,,
NO_MATCH,2016-03-30,dd,Telus Communications,1880.00,1090 Bank Shareholder,,,,,,,
MATCHED,2016-03-31,dd,Telus Communications,300.00,1090 Bank Shareholder,90718,2016-03-31,300.00,PURCHASE CASH MONEY,,0,0.00
NO_MATCH,2016-04-12,dd,Telus Communications,123.14,1090 Bank Shareholder,,,,,,,
NO_MATCH,2016-04-12,dd,Telus Communications,887.98,1090 Bank Shareholder,,,,,,,
NO_MATCH,2016-04-17,cash,Telus Communications,779.45,1090 Bank Shareholder,,,,,,,
NO_MATCH,2016-04-21,mc1541,Polar Mobility Research Ltd.,500.00,1090 Bank Shareholder,,,,,,,
NO_MATCH,2016-04-29,cash,Big 105,200.00,1090 Bank Shareholder,,,,,,,
NO_MATCH,2016-05-05,cash,Telus Communications,147.86,1090 Bank Shareholder,,,,,,,
NO_MATCH,2016-05-15,cash,Arctic Mechanical,651.69,1090 Bank Shareholder,,,,,,,
NO_MATCH,2016-05-18,cash,Fibrenew,2400.00,1090 Bank Shareholder,,,,,,,
NO_MATCH,2016-05-19,cash,Accounting For Success,283.50,1090 Bank Shareholder,,,,,,,
NO_MATCH,2016-06-02,cash,The Tire Garage,1257.00,1090 Bank Shareholder,,,,,,,
NO_MATCH,2016-07-10,cash,Fibrenew,2700.00,1090 Bank Shareholder,,,,,,,
NO_DATE_OR_AMOUNT,2016-07-15,,Rogers,0.00,1090 Bank Shareholder,,,,,,,
NO_DATE_OR_AMOUNT,2016-08-02,,Rogers,0.00,1090 Bank Shareholder,,,,,,,
NO_MATCH,2016-09-24,cash,Accounting For Success,141.75,1090 Bank Shareholder,,,,,,,
NO_DATE_OR_AMOUNT,2016-10-06,,Rogers,0.00,1090 Bank Shareholder,,,,,,,
NO_MATCH,2016-10-31,cash,Fibrenew,2400.00,1090 Bank Shareholder,,,,,,,
NO_MATCH,2016-11-02,cash,Fibrenew,500.00,1090 Bank Shareholder,,,,,,,
MATCHED,2016-11-07,cash,Fibrenew,1000.00,1090 Bank Shareholder,91501,2016-11-10,1000.00,ERLES AUTO REPAIR,,3,0.00
NO_DATE_OR_AMOUNT,2016-11-17,,Telus Communications,0.00,1090 Bank Shareholder,,,,,,,
NO_DATE_OR_AMOUNT,2016-11-24,,WCB,0.00,1090 Bank Shareholder,,,,,,,
NO_DATE_OR_AMOUNT,2016-11-28,,Rogers,0.00,1090 Bank Shareholder,,,,,,,
NO_MATCH,2016-12-12,cash,Fibrenew,1250.00,1090 Bank Shareholder,,,,,,,
NO_MATCH,2016-12-30,cash,Big 105,860.00,1090 Bank Shareholder,,,,,,,
NO_DATE_OR_AMOUNT,2017-01-11,,Rogers,0.00,1090 Bank Shareholder,,,,,,,
NO_MATCH,2017-01-16,cash,Fibrenew,1575.00,1090 Bank Shareholder,,,,,,,
NO_DATE_OR_AMOUNT,2017-02-22,,Rogers,0.00,1090 Bank Shareholder,,,,,,,
NO_DATE_OR_AMOUNT,2017-02-23,,Telus Communications,0.00,1090 Bank Shareholder,,,,,,,
NO_MATCH,2017-02-27,cash,Fibrenew,1300.00,1090 Bank Shareholder,,,,,,,
NO_MATCH,2017-03-15,cash,Fibrenew,472.50,1090 Bank Shareholder,,,,,,,
NO_DATE_OR_AMOUNT,2017-04-10,,Rogers,0.00,1090 Bank Shareholder,,,,,,,
NO_MATCH,2017-04-13,cash,Fibrenew,3150.00,1090 Bank Shareholder,,,,,,,
NO_DATE_OR_AMOUNT,2017-05-01,,Rogers,0.00,1090 Bank Shareholder,,,,,,,
NO_MATCH,2017-05-15,cash,Fibrenew,700.00,1090 Bank Shareholder,,,,,,,
MATCHED,2017-06-09,cash,Big 105,400.00,1090 Bank Shareholder,98237,2017-06-05,400.00,Internet Banking INTERNET TRANSFER 000000224971,,4,0.00
MATCHED,2017-06-19,cash,Fibrenew,1000.00,1090 Bank Shareholder,44934,2017-06-20,1000.00,Internet Banking E-TRANSFER 000000278255 David Richard,,1,0.00
MATCHED,2017-07-10,cash,Fibrenew,1000.00,1090 Bank Shareholder,95319,2017-07-10,1000.00,Automated Banking Machine INSTANT TELLER WITHDRAWAL GAETZ AVE + 67TH ST 2D54,,0,0.00
NO_DATE_OR_AMOUNT,2017-08-10,,Rogers,0.00,1090 Bank Shareholder,,,,,,,
NO_DATE_OR_AMOUNT,2017-08-23,,Telus Communications,0.00,1090 Bank Shareholder,,,,,,,
MATCHED,2017-08-23,cash,Fibrenew,1000.00,1090 Bank Shareholder,45327,2017-08-17,1000.00,Branch Transaction WITHDRAWAL IBB GAETZ AVE & 67TH ST BANKING CE,,6,0.00
NO_DATE_OR_AMOUNT,2017-08-25,,Rogers,0.00,1090 Bank Shareholder,,,,,,,
NO_MATCH,2017-09-07,cash,WCB,1400.00,1090 Bank Shareholder,,,,,,,
MATCHED,2017-09-18,cash,Fibrenew,1000.00,1090 Bank Shareholder,92746,2017-09-18,1000.00,BANK WITHDRAWAL,,0,0.00
NO_DATE_OR_AMOUNT,2017-09-27,,Rogers,0.00,1090 Bank Shareholder,,,,,,,
MATCHED,2017-10-10,cash,Fibrenew,600.00,1090 Bank Shareholder,45109,2017-10-10,600.00,Automated Banking Machine INSTANT TELLER WITHDRAWAL GAETZ AVE + 67TH ST 2D54,,0,0.00
NO_MATCH,2017-11-15,cash,Fibrenew,682.50,1090 Bank Shareholder,,,,,,,
